peptide,denovo_score,similarity,matched_count,all_similarities,top_k_similarities,source,rerank,spectrum_index,true_sequence,casanovo_peptide,casanovo_score,rerank_peptide,rerank_similarity,precursor_mz,charge,denovo_time,rerank_time,total_time
SHLDEPDKQELQR,0.8168286681175232,0.9206921458244324,10,"[0.7878361, 0.9535123, 0.7886096, 0.95669305, 0.85187095, 0.7176151, 0.8416085, 0.80610514, 0.8160619, 0.7557052]","[0.95669305, 0.9535123, 0.85187095]",Database,1,0,SHIDEPDKQEIQR,SHLDEPDKQELQR,0.8168286681175232,SHLDEPDKQELQR,0.9206921458244324,797.893,2,6.105020999908447,148.0767068862915,154.18172788619995
FLLGHGK,0.9196500778198242,0.9519265294075012,10,"[0.93115133, 0.87246394, 0.88125205, 0.8333075, 0.8149828, 0.81601375, 0.9623351, 0.7082974, 0.94633806, 0.94710636]","[0.9623351, 0.94710636, 0.94633806]",Database,1,1,FIIGHGK,FLLGHGK,0.9196500778198242,FLLGHGK,0.9519265294075012,386.2292,2,0.4112386703491211,133.44988465309143,133.86112332344055
